split,Classical SVM,Quantum SVM (simple),Quantum SVM (entangled)
0,0.9298245614035088,0.9385964912280702,0.7807017543859649
1,0.956140350877193,0.9649122807017544,0.8157894736842105
2,0.9736842105263158,0.9736842105263158,0.7982456140350878
3,0.9298245614035088,0.956140350877193,0.8070175438596491
4,0.9736842105263158,0.9736842105263158,0.7368421052631579
5,0.9736842105263158,0.9736842105263158,0.7807017543859649
6,0.9736842105263158,0.9824561403508771,0.7982456140350878
7,0.9473684210526315,0.9473684210526315,0.7456140350877193
8,0.9736842105263158,0.956140350877193,0.8070175438596491
9,0.9824561403508771,0.9824561403508771,0.7982456140350878
