qubits,split,model,accuracy
2,0,Classical SVM,0.9210526315789473
2,0,Quantum SVM (simple),0.9035087719298246
2,0,Quantum SVM (entangled),0.868421052631579
2,1,Classical SVM,0.9473684210526315
2,1,Quantum SVM (simple),0.956140350877193
2,1,Quantum SVM (entangled),0.8508771929824561
2,2,Classical SVM,0.9649122807017544
2,2,Quantum SVM (simple),0.9649122807017544
2,2,Quantum SVM (entangled),0.9210526315789473
2,3,Classical SVM,0.9385964912280702
2,3,Quantum SVM (simple),0.9385964912280702
2,3,Quantum SVM (entangled),0.9210526315789473
2,4,Classical SVM,0.9385964912280702
2,4,Quantum SVM (simple),0.9473684210526315
2,4,Quantum SVM (entangled),0.8859649122807017
4,0,Classical SVM,0.9298245614035088
4,0,Quantum SVM (simple),0.9385964912280702
4,0,Quantum SVM (entangled),0.7807017543859649
4,1,Classical SVM,0.956140350877193
4,1,Quantum SVM (simple),0.9649122807017544
4,1,Quantum SVM (entangled),0.8157894736842105
4,2,Classical SVM,0.9736842105263158
4,2,Quantum SVM (simple),0.9736842105263158
4,2,Quantum SVM (entangled),0.7982456140350878
4,3,Classical SVM,0.9298245614035088
4,3,Quantum SVM (simple),0.956140350877193
4,3,Quantum SVM (entangled),0.8070175438596491
4,4,Classical SVM,0.9736842105263158
4,4,Quantum SVM (simple),0.9736842105263158
4,4,Quantum SVM (entangled),0.7368421052631579
6,0,Classical SVM,0.9473684210526315
6,0,Quantum SVM (simple),0.956140350877193
6,0,Quantum SVM (entangled),0.8333333333333334
6,1,Classical SVM,0.9736842105263158
6,1,Quantum SVM (simple),0.9649122807017544
6,1,Quantum SVM (entangled),0.7105263157894737
6,2,Classical SVM,0.9736842105263158
6,2,Quantum SVM (simple),0.9736842105263158
6,2,Quantum SVM (entangled),0.7982456140350878
6,3,Classical SVM,0.9473684210526315
6,3,Quantum SVM (simple),0.9649122807017544
6,3,Quantum SVM (entangled),0.7280701754385965
6,4,Classical SVM,0.956140350877193
6,4,Quantum SVM (simple),0.9736842105263158
6,4,Quantum SVM (entangled),0.7280701754385965
8,0,Classical SVM,0.9649122807017544
8,0,Quantum SVM (simple),0.9649122807017544
8,0,Quantum SVM (entangled),0.6666666666666666
8,1,Classical SVM,0.9649122807017544
8,1,Quantum SVM (simple),0.9736842105263158
8,1,Quantum SVM (entangled),0.6403508771929824
8,2,Classical SVM,0.9736842105263158
8,2,Quantum SVM (simple),0.9736842105263158
8,2,Quantum SVM (entangled),0.6578947368421053
8,3,Classical SVM,0.956140350877193
8,3,Quantum SVM (simple),0.956140350877193
8,3,Quantum SVM (entangled),0.6491228070175439
8,4,Classical SVM,0.9473684210526315
8,4,Quantum SVM (simple),0.956140350877193
8,4,Quantum SVM (entangled),0.631578947368421
