split,qubits,model,balanced accuracy,sensitivity
0,all 512,Classical SVM,0.8559,0.7381
0,4,Logistic Regression,0.7907,0.8095
0,4,Classical SVM,0.7694,0.7143
0,4,Quantum SVM (simple),0.7738,0.7143
0,4,Quantum SVM (entangled),0.6485,0.5952
0,8,Logistic Regression,0.8139,0.7857
0,8,Classical SVM,0.8402,0.7857
0,8,Quantum SVM (simple),0.8553,0.8333
0,8,Quantum SVM (entangled),0.5,0.0
1,all 512,Classical SVM,0.7644,0.6429
1,4,Logistic Regression,0.7625,0.7619
1,4,Classical SVM,0.7356,0.6905
1,4,Quantum SVM (simple),0.7563,0.7143
1,4,Quantum SVM (entangled),0.6692,0.619
1,8,Logistic Regression,0.7506,0.7381
1,8,Classical SVM,0.802,0.7619
1,8,Quantum SVM (simple),0.7757,0.7619
1,8,Quantum SVM (entangled),0.5,0.0
2,all 512,Classical SVM,0.8515,0.7381
2,4,Logistic Regression,0.7331,0.7381
2,4,Classical SVM,0.7224,0.6905
2,4,Quantum SVM (simple),0.7018,0.6667
2,4,Quantum SVM (entangled),0.6372,0.4762
2,8,Logistic Regression,0.782,0.8095
2,8,Classical SVM,0.792,0.7857
2,8,Quantum SVM (simple),0.8277,0.8571
2,8,Quantum SVM (entangled),0.5119,0.0238
3,all 512,Classical SVM,0.8622,0.7857
3,4,Logistic Regression,0.75,0.8333
3,4,Classical SVM,0.7945,0.7381
3,4,Quantum SVM (simple),0.7544,0.8333
3,4,Quantum SVM (entangled),0.5476,0.4286
3,8,Logistic Regression,0.8277,0.8571
3,8,Classical SVM,0.812,0.7381
3,8,Quantum SVM (simple),0.839,0.8095
3,8,Quantum SVM (entangled),0.5,0.0
4,all 512,Classical SVM,0.859,0.7619
4,4,Logistic Regression,0.7475,0.7143
4,4,Classical SVM,0.7826,0.7143
4,4,Quantum SVM (simple),0.7682,0.7381
4,4,Quantum SVM (entangled),0.6698,0.5238
4,8,Logistic Regression,0.8064,0.7619
4,8,Classical SVM,0.8402,0.7857
4,8,Quantum SVM (simple),0.8521,0.8095
4,8,Quantum SVM (entangled),0.5,0.0
5,all 512,Classical SVM,0.7782,0.7143
5,4,Logistic Regression,0.7481,0.7857
5,4,Classical SVM,0.7506,0.7381
5,4,Quantum SVM (simple),0.7544,0.8333
5,4,Quantum SVM (entangled),0.6585,0.5714
5,8,Logistic Regression,0.844,0.881
5,8,Classical SVM,0.7769,0.7381
5,8,Quantum SVM (simple),0.7976,0.7619
5,8,Quantum SVM (entangled),0.515,0.0476
6,all 512,Classical SVM,0.7964,0.619
6,4,Logistic Regression,0.6604,0.619
6,4,Classical SVM,0.7193,0.6667
6,4,Quantum SVM (simple),0.7118,0.6429
6,4,Quantum SVM (entangled),0.5714,0.3095
6,8,Logistic Regression,0.7162,0.6429
6,8,Classical SVM,0.7838,0.6905
6,8,Quantum SVM (simple),0.7719,0.6667
6,8,Quantum SVM (entangled),0.5,0.0
7,all 512,Classical SVM,0.7657,0.619
7,4,Logistic Regression,0.6591,0.6429
7,4,Classical SVM,0.6617,0.5952
7,4,Quantum SVM (simple),0.641,0.5714
7,4,Quantum SVM (entangled),0.5802,0.4762
7,8,Logistic Regression,0.7212,0.7143
7,8,Classical SVM,0.7669,0.7619
7,8,Quantum SVM (simple),0.7669,0.7619
7,8,Quantum SVM (entangled),0.5,0.0
8,all 512,Classical SVM,0.834,0.7381
8,4,Logistic Regression,0.7513,0.8095
8,4,Classical SVM,0.765,0.7143
8,4,Quantum SVM (simple),0.7757,0.7619
8,4,Quantum SVM (entangled),0.5771,0.4524
8,8,Logistic Regression,0.7757,0.7619
8,8,Classical SVM,0.8108,0.7619
8,8,Quantum SVM (simple),0.802,0.7619
8,8,Quantum SVM (entangled),0.5,0.0
9,all 512,Classical SVM,0.8315,0.7857
9,4,Logistic Regression,0.7387,0.881
9,4,Classical SVM,0.7318,0.7619
9,4,Quantum SVM (simple),0.7143,0.7619
9,4,Quantum SVM (entangled),0.5965,0.3333
9,8,Logistic Regression,0.7957,0.881
9,8,Classical SVM,0.7538,0.7619
9,8,Quantum SVM (simple),0.7863,0.8095
9,8,Quantum SVM (entangled),0.5,0.0
